{
  "11": {
    "center_features": [
      0.13189765505881554,
      -0.0818492126475556,
      0.6591742782655049,
      -0.051870173646445555,
      -0.026718452239517992,
      -0.24268346872676916,
      0.060245513916015625,
      0.2136656926226191,
      0.05598694015752698,
      0.29319421531231643,
      -0.16238520571898452,
      -0.3435924163118962
    ],
    "success_score": -0.0004285874986563118,
    "success_rate": 0.08947599447812561,
    "avg_gain": -0.004789971893087922,
    "gain_std": 0.084252194006434,
    "sequence_count": 157193,
    "sample_sequences": [
      "000001.SZ",
      "000001.SZ",
      "000001.SZ",
      "000001.SZ",
      "000001.SZ"
    ]
  },
  "6": {
    "center_features": [
      -0.07138141607525963,
      -0.243473719479764,
      -0.2678032576820285,
      -0.24094686231008303,
      -0.13784020081752754,
      0.06867706961789588,
      2.325899124145508,
      -0.2982851612307269,
      -0.7162817215581274,
      0.2013913063108479,
      0.7177258396554285,
      -0.4521824549734758
    ],
    "success_score": 0.00038782372395808204,
    "success_rate": 0.08075014047574453,
    "avg_gain": 0.004802762220266048,
    "gain_std": 0.07210974999196329,
    "sequence_count": 42712,
    "sample_sequences": [
      "000001.SZ",
      "000001.SZ",
      "000001.SZ",
      "000005.SZ",
      "000005.SZ"
    ]
  },
  "0": {
    "center_features": [
      -0.16521717133389163,
      0.9854263332379036,
      0.9851739821407556,
      1.0583178840255967,
      0.9683158804787426,
      2.4770678803225734,
      0.11144828796386719,
      -1.1741732174389325,
      0.38009818810994234,
      -0.46798924387635116,
      0.9675987148865369,
      0.23075606393309647
    ],
    "success_score": 0.001370391923193431,
    "success_rate": 0.2197305970292654,
    "avg_gain": 0.0062366913926462045,
    "gain_std": 0.17332440004026683,
    "sequence_count": 52041,
    "sample_sequences": [
      "000002.SZ",
      "000002.SZ",
      "000004.SZ",
      "000004.SZ",
      "000004.SZ"
    ]
  },
  "8": {
    "center_features": [
      -0.39583333333333326,
      -0.8330518421585122,
      -0.585952564596992,
      -0.7824533355898883,
      -0.48172013181709183,
      0.8647932301537773,
      -216.61696243286133,
      -0.405361583831059,
      -1.869309724679881,
      0.3842692535001582,
      0.16186148055303864,
      -0.6991632675203292
    ],
    "success_score": 0.0,
    "success_rate": 0.0,
    "avg_gain": 0.02300992129915795,
    "gain_std": 0.04221830682218938,
    "sequence_count": 16,
    "sample_sequences": [
      "000413.SZ",
      "000413.SZ",
      "000564.SZ",
      "000816.SZ",
      "000816.SZ"
    ]
  },
  "20": {
    "center_features": [
      -0.16666666666666657,
      -0.7032720665883937,
      -0.5865792518318552,
      -0.5803143747761448,
      -0.12876464727598666,
      -0.09522661851162917,
      -123.47004318237305,
      0.26163130854232264,
      -1.6036699986101854,
      -0.5080210321937326,
      -0.40878638332358974,
      0.48722101841882437
    ],
    "success_score": -0.0,
    "success_rate": 0.0,
    "avg_gain": -0.03435872084301137,
    "gain_std": 0.020145645663601826,
    "sequence_count": 4,
    "sample_sequences": [
      "000413.SZ",
      "600221.SH",
      "600221.SH",
      "600568.SH"
    ]
  },
  "17": {
    "center_features": [
      -0.4999999999999998,
      -1.0910899080839673,
      -0.5865792518318552,
      -1.0102196341188068,
      -0.5705878755367149,
      1.9878430633029665,
      -123.47004318237305,
      -1.5880132435863272,
      -1.7724786570180033,
      -0.05928020957128241,
      -0.03103932497026818,
      0.09465476666669978
    ],
    "success_score": 0.02955463954582703,
    "success_rate": 0.3333333333333333,
    "avg_gain": 0.08866391863748109,
    "gain_std": 0.1016087270574944,
    "sequence_count": 3,
    "sample_sequences": [
      "000564.SZ",
      "600016.SH",
      "600016.SH"
    ]
  },
  "10": {
    "center_features": [
      -0.65,
      -0.7074941371654566,
      -0.5854222907828771,
      -0.6853027904254412,
      -0.39683829503920065,
      0.7554633909085364,
      -496.04268646240234,
      -0.40064202694492435,
      -1.7294325651122124,
      -0.0660006816790637,
      0.09769084735189659,
      0.021342745294830157
    ],
    "success_score": 0.005153842908434019,
    "success_rate": 0.1,
    "avg_gain": 0.051538429084340184,
    "gain_std": 0.08850554742236955,
    "sequence_count": 10,
    "sample_sequences": [
      "000564.SZ",
      "000630.SZ",
      "600022.SH",
      "600170.SH",
      "600221.SH"
    ]
  },
  "13": {
    "center_features": [
      -1.3333333333333333,
      0.3169439861109487,
      -0.5834940223679136,
      -0.23376237491262045,
      -0.678478328273079,
      10.707554955107423,
      124.8700942993164,
      -3.46437112082794,
      -1.667194274208194,
      -0.20917728209262032,
      0.9957484740365484,
      0.16790935487966244
    ],
    "success_score": -0.00569334215167548,
    "success_rate": 0.3333333333333333,
    "avg_gain": -0.017080026455026442,
    "gain_std": 0.20748055629095008,
    "sequence_count": 3,
    "sample_sequences": [
      "000564.SZ",
      "002005.SZ",
      "600978.SH"
    ]
  },
  "12": {
    "center_features": [
      0.6666666666666663,
      -1.0525736298843698,
      -0.5865792518318552,
      -0.9624585897405639,
      -0.5570063982463944,
      -0.43361430602197726,
      -123.47004318237305,
      0.5216566757039751,
      -2.037415365022475,
      0.8588951181465225,
      -0.5357421368625765,
      -0.7617059184291722
    ],
    "success_score": 0.0,
    "success_rate": 0.0,
    "avg_gain": 0.025865832853253435,
    "gain_std": 0.02239645260425518,
    "sequence_count": 7,
    "sample_sequences": [
      "000564.SZ",
      "000564.SZ",
      "000630.SZ",
      "000816.SZ",
      "601000.SH"
    ]
  },
  "1": {
    "center_features": [
      -0.24999999999999994,
      -0.9390594156666363,
      -0.5850366370998844,
      -0.8465377638580377,
      -0.5001122834174848,
      -0.2793896695066258,
      -1.1185737642964738e+16,
      0.2882493064561371,
      -1.9615902198939954,
      0.6572785693062781,
      -0.29589966113120125,
      -0.6244716943059558
    ],
    "success_score": 0.0,
    "success_rate": 0.0,
    "avg_gain": 0.06828703703703701,
    "gain_std": 0.005787037037036959,
    "sequence_count": 2,
    "sample_sequences": [
      "000630.SZ",
      "600022.SH"
    ]
  },
  "21": {
    "center_features": [
      0.33333333333333315,
      -1.055601838044036,
      -0.5834940223679136,
      -1.0004705746208327,
      -0.6795719543347686,
      -0.8256557904280462,
      124.8700942993164,
      -0.139349057241864,
      -2.0550007975764815,
      1.0985846079815875,
      -0.790316812592034,
      -0.9920059883725103
    ],
    "success_score": -0.0,
    "success_rate": 0.0,
    "avg_gain": -0.0060090702993849075,
    "gain_std": 0.0329068665500218,
    "sequence_count": 8,
    "sample_sequences": [
      "000709.SZ",
      "000709.SZ",
      "000709.SZ",
      "000816.SZ",
      "600231.SH"
    ]
  },
  "19": {
    "center_features": [
      0.33333333333333315,
      -0.3749365603055447,
      -0.5834940223679136,
      -0.2579364535370682,
      0.21640931877871833,
      0.10568219170251619,
      124.8700942993164,
      0.8106642743519877,
      -1.5879664774652664,
      -0.46146230382539094,
      -0.5466823397132139,
      0.4666168251331497
    ],
    "success_score": -0.0,
    "success_rate": 0.0,
    "avg_gain": -0.0076614835080531145,
    "gain_std": 0.023012857529355047,
    "sequence_count": 18,
    "sample_sequences": [
      "000861.SZ",
      "000982.SZ",
      "000982.SZ",
      "000982.SZ",
      "000982.SZ"
    ]
  },