{
  "timestamp": "20250902_023126",
  "elbow_scores": {
    "k_values": [
      8,
      9,
      10,
      11,
      12,
      13,
      14,
      15,
      16,
      17,
      18,
      19,
      20,
      21,
      22,
      23,
      24,
      25,
      26,
      27,
      28,
      29,
      30
    ],
    "inertias": [
      7222863.213249923,
      6366347.552733729,
      5789850.064565451,
      5681918.604218409,
      4893526.626621836,
      4332687.496109176,
      4514125.333858427,
      4624751.032291036,
      4502802.5237915125,
      4679721.303634742,
      4539240.33774789,
      4734601.165618956,
      4711498.707900673,
      4545685.424452354,
      4250305.921183373,
      4654610.077705753,
      4721083.787434272,
      4503452.544542113,
      4557121.886778215,
      4257259.680242593,
      4413251.017089656,
      4044090.4353771843,
      4542296.267376443
    ],
    "silhouette_scores": [
      0.9814761542768131,
      0.961777121249402,
      0.9618192805168457,
      0.9392550408361423,
      0.1340868088858573,
      0.2668678833950356,
      0.17319065626830796,
      0.28319307275773214,
      0.1641175832154683,
      0.4926392917448767,
      0.1664183155127032,
      0.09096705696377357,
      0.17023314333165712,
      0.172197228929701,
      0.1558870462923121,
      0.1795177981766875,
      0.09664469962710259,
      0.16901859433865335,
      0.1381734529847258,
      0.2078408035542339,
      0.03516078523735986,
      0.18433231582631132,
      0.1358497410790748
    ],
    "optimal_k": 23,
    "method": "improved_elbow_method",
    "strategy_details": {
      "best_silhouette_k": 8,
      "elbow_k": 29,
      "heuristic_k": 20,
      "final_choice": 23
    }
  },
  "clustering_quality": {
    "total_sequences": 252063,
    "total_clusters": 23,
    "avg_cluster_size": 10959.260869565218,
    "min_cluster_size": 1,
    "max_cluster_size": 157193,
    "clustering_time": "2025-09-02 02:31:26",
    "elbow_method_info": {
      "k_values": [
        8,
        9,
        10,
        11,
        12,
        13,
        14,
        15,
        16,
        17,
        18,
        19,
        20,
        21,
        22,
        23,
        24,
        25,
        26,
        27,
        28,
        29,
        30
      ],
      "inertias": [
        7222863.213249923,
        6366347.552733729,
        5789850.064565451,
        5681918.604218409,
        4893526.626621836,
        4332687.496109176,
        4514125.333858427,
        4624751.032291036,
        4502802.5237915125,
        4679721.303634742,
        4539240.33774789,
        4734601.165618956,
        4711498.707900673,
        4545685.424452354,
        4250305.921183373,
        4654610.077705753,
        4721083.787434272,
        4503452.544542113,
        4557121.886778215,
        4257259.680242593,
        4413251.017089656,
        4044090.4353771843,
        4542296.267376443
      ],
      "silhouette_scores": [
        0.9814761542768131,
        0.961777121249402,
        0.9618192805168457,
        0.9392550408361423,
        0.1340868088858573,
        0.2668678833950356,
        0.17319065626830796,
        0.28319307275773214,
        0.1641175832154683,
        0.4926392917448767,
        0.1664183155127032,
        0.09096705696377357,
        0.17023314333165712,
        0.172197228929701,
        0.1558870462923121,
        0.1795177981766875,
        0.09664469962710259,
        0.16901859433865335,
        0.1381734529847258,
        0.2078408035542339,
        0.03516078523735986,
        0.18433231582631132,
        0.1358497410790748
      ],
      "optimal_k": 23,
      "method": "improved_elbow_method",
      "strategy_details": {
        "best_silhouette_k": 8,
        "elbow_k": 29,
        "heuristic_k": 20,
        "final_choice": 23
      }
    }
  }
}